oci,citing,cited,creation,timespan,journal_sc,author_sc
062301003429-06902555286,10.1007/s11219-017-9395-1,10.1109/icstw.2015.7107463,2017-11-09,P2Y7M,no,no
062202461433-06902555286,10.1109/icstw.2017.13,10.1109/icstw.2015.7107463,2017-03,P1Y11M,no,no
06802902584-06902555286,10.1109/icstw.2016.36,10.1109/icstw.2015.7107463,2016-04,P1Y0M,no,no
