oci,citing,cited,creation,timespan,journal_sc,author_sc
061701681110-062103192420,10.1007/978-3-030-85347-1_15,10.1145/3439961.3439993,2021,P0Y,no,no
0604956648-062103192420,10.1145/3701625.3701652,10.1145/3439961.3439993,2024-11-05,P3Y11M,no,no
