oci,citing,cited,creation,timespan,journal_sc,author_sc
062301138906-062303204742,10.1109/access.2020.3037188,10.1109/csie.2009.360,2020,P11Y,no,no
061302269616-062303204742,10.1109/cse/euc.2019.00083,10.1109/csie.2009.360,2019-08,P10Y,no,no
06702948201-062303204742,10.1109/wi-iat.2014.62,10.1109/csie.2009.360,2014-08,P5Y,no,no
