oci,citing,cited,creation,timespan,journal_sc,author_sc
062402329069-06502964377,10.1145/3502870.3506566,10.1109/icl.2014.7017857,2021-12-28,P7Y0M,no,no
