oci,citing,cited,creation,timespan,journal_sc,author_sc
061302538122-061202992418,10.4018/978-1-4666-7230-7.ch043,10.1109/mysec.2011.6140675,2015,P3Y,no,no
061902939153-061202992418,10.4018/978-1-4666-4229-4.ch009,10.1109/mysec.2011.6140675,2013,P1Y,no,no
0620588084-061202992418,10.1016/j.jss.2021.110973,10.1109/mysec.2011.6140675,2021-08,P9Y8M,no,no
06502107355-061202992418,10.1109/qrs-c55045.2021.00049,10.1109/mysec.2011.6140675,2021-12,P10Y0M,no,no
0604956648-061202992418,10.1145/3701625.3701652,10.1109/mysec.2011.6140675,2024-11-05,P12Y11M,no,no
061602657799-061202992418,10.7763/ijke.2015.v1.25,10.1109/mysec.2011.6140675,2015,P3Y,no,no
062602284808-061202992418,10.4018/978-1-7998-2531-9.ch011,10.1109/mysec.2011.6140675,2020,P8Y,no,no
