oci,citing,cited,creation,timespan,journal_sc,author_sc
06303068214-061902284138,10.1007/s13198-011-0065-6,10.14236/ewic/ease2007.6,2011-06,P4Y2M,no,no
061203116780-061902284138,10.1016/j.infsof.2012.03.003,10.14236/ewic/ease2007.6,2013-01,P5Y9M,no,no
