oci,citing,cited,creation,timespan,journal_sc,author_sc
0604956648-06802644425,10.1145/3701625.3701652,10.1109/iiai-aai.2019.00171,2024-11-05,P5Y4M,no,no
